2024-09-01T00:58:34.705Z,,,

2024-09-01T00:58:35.707Z,,,

2024-09-01T00:58:36.708Z,,,

2024-09-01T00:58:37.707Z,,,

2024-09-01T00:58:38.708Z,,,

2024-09-01T00:58:39.709Z,,,

2024-09-01T00:58:40.710Z,,,

2024-09-01T00:58:41.711Z,,,

2024-09-01T00:58:42.711Z,,,

2024-09-01T00:58:43.711Z,,,

2024-09-01T00:58:44.712Z,,,

2024-09-01T00:58:45.713Z,,,

2024-09-01T00:58:46.714Z,,,

2024-09-01T00:58:47.714Z,,,

2024-09-01T00:58:48.716Z,,,

2024-09-01T00:58:49.716Z,,,

2024-09-01T00:58:50.717Z,,,

2024-09-01T00:58:51.718Z,,,

2024-09-01T00:58:52.719Z,,,

2024-09-01T00:58:53.720Z,,,

2024-09-01T00:58:54.721Z,,,

2024-09-01T00:58:55.723Z,,,

2024-09-01T00:58:56.723Z,,,

2024-09-01T00:58:57.724Z,,,

2024-09-01T00:58:58.724Z,,,

2024-09-01T00:58:59.725Z,,,

2024-09-01T00:59:00.726Z,,,

2024-09-01T00:59:01.727Z,,,

2024-09-01T00:59:02.728Z,,,

2024-09-01T00:59:03.729Z,,,

2024-09-01T00:59:04.730Z,,,

2024-09-01T00:59:05.731Z,,,

2024-09-01T00:59:06.732Z,,,

2024-09-01T00:59:07.732Z,,,

2024-09-01T00:59:08.733Z,,,

2024-09-01T00:59:09.734Z,,,

2024-09-01T00:59:10.735Z,,,

2024-09-01T00:59:11.736Z,,,

2024-09-01T00:59:12.737Z,,,

2024-09-01T00:59:13.737Z,,,

2024-09-01T00:59:14.738Z,,,

2024-09-01T00:59:15.739Z,,,

2024-09-01T00:59:16.740Z,,,

2024-09-01T00:59:17.741Z,,,

2024-09-01T00:59:18.742Z,,,

2024-09-01T00:59:19.742Z,,,

2024-09-01T00:59:20.743Z,,,

2024-09-01T00:59:21.744Z,,,

2024-09-01T00:59:22.745Z,,,

2024-09-01T00:59:23.746Z,,,

2024-09-01T00:59:24.747Z,,,

2024-09-01T00:59:25.748Z,,,

2024-09-01T00:59:26.748Z,,,

2024-09-01T00:59:27.748Z,,,

2024-09-01T00:59:28.748Z,,,

2024-09-01T00:59:29.750Z,,,

2024-09-01T00:59:30.750Z,,,

2024-09-01T00:59:31.752Z,,,

2024-09-01T01:01:22.829Z,,,

2024-09-01T01:01:23.830Z,,,

2024-09-01T01:01:24.831Z,,,

2024-09-01T01:01:25.831Z,,,

2024-09-01T01:01:26.832Z,,,

2024-09-01T01:01:27.832Z,,,

2024-09-01T01:01:28.833Z,,,

2024-09-01T01:01:29.833Z,,,

2024-09-01T01:01:30.835Z,,,

2024-09-01T01:01:31.836Z,,,

2024-09-01T01:01:32.837Z,,,

2024-09-01T01:01:33.838Z,,,

2024-09-01T01:01:34.838Z,,,

2024-09-01T01:01:35.839Z,,,

2024-09-01T01:01:36.840Z,,,

2024-09-01T01:01:37.841Z,,,

2024-09-01T01:25:58.902Z,,,

2024-09-01T01:25:59.902Z,,,

2024-09-01T01:26:00.904Z,,,

2024-09-01T01:26:01.904Z,,,

2024-09-01T01:26:02.904Z,,,

2024-09-01T01:26:03.904Z,,,

2024-09-01T01:26:04.905Z,,,

2024-09-01T01:26:05.906Z,,,

2024-09-01T01:26:06.906Z,,,

2024-09-01T01:26:07.907Z,,,

2024-09-01T01:26:08.909Z,,,

2024-09-01T01:26:09.911Z,,,

2024-09-01T01:26:10.912Z,,,

2024-09-01T01:26:11.913Z,,,

2024-09-01T01:26:12.913Z,,,

2024-09-01T01:26:13.913Z,,,

2024-09-01T01:26:14.914Z,,,

2024-09-01T01:26:15.915Z,,,

2024-09-01T01:26:16.917Z,,,

2024-09-01T01:26:17.917Z,,,

2024-09-01T01:26:18.918Z,,,

2024-09-01T01:26:19.919Z,,,

2024-09-01T01:26:20.919Z,,,

2024-09-01T01:26:21.921Z,,,

2024-09-01T01:26:22.921Z,,,

2024-09-01T01:26:23.923Z,,,

2024-09-01T01:26:24.924Z,,,

2024-09-01T01:26:25.924Z,,,

2024-09-01T01:26:26.926Z,,,

2024-09-01T01:26:27.926Z,,,

2024-09-01T01:26:28.927Z,,,

2024-09-01T01:26:29.928Z,,,

2024-09-01T01:26:30.929Z,,,

2024-09-01T01:26:31.929Z,,,

2024-09-01T01:26:32.930Z,,,

2024-09-01T01:26:33.931Z,,,

2024-09-01T01:26:34.931Z,,,

2024-09-01T01:26:35.932Z,,,

2024-09-01T01:26:36.934Z,,,

2024-09-01T01:26:37.934Z,,,

2024-09-01T01:26:38.935Z,,,

2024-09-01T01:26:39.935Z,,,

2024-09-01T01:26:40.936Z,,,

2024-09-01T01:26:41.938Z,,,

2024-09-01T01:26:42.938Z,,,

2024-09-01T01:26:43.939Z,,,

2024-09-01T01:26:44.939Z,,,

2024-09-01T01:26:45.940Z,,,

2024-09-01T01:26:46.942Z,,,

2024-09-01T01:26:47.942Z,,,

2024-09-01T01:26:48.943Z,,,

2024-09-01T01:26:49.943Z,,,

2024-09-01T01:26:50.945Z,,,

2024-09-01T01:26:51.945Z,,,

2024-09-01T01:26:52.946Z,,,

2024-09-01T01:26:53.947Z,,,

2024-09-01T01:26:54.948Z,,,

2024-09-01T01:26:55.950Z,,,

2024-09-01T01:26:56.950Z,,,

2024-09-01T01:26:57.951Z,,,

2024-09-01T01:26:58.951Z,,,

2024-09-01T01:26:59.953Z,,,

2024-09-01T01:27:00.954Z,,,

2024-09-01T01:27:01.955Z,,,

2024-09-01T01:27:02.955Z,,,

2024-09-01T01:27:03.956Z,,,

2024-09-01T01:27:04.958Z,,,

2024-09-01T01:27:05.959Z,,,

2024-09-01T01:27:06.960Z,,,

2024-09-01T01:27:07.960Z,,,

2024-09-01T01:27:08.962Z,,,

2024-09-01T01:27:09.962Z,,,

2024-09-01T01:27:10.964Z,,,

2024-09-01T01:27:11.964Z,,,

2024-09-01T01:27:12.964Z,,,

2024-09-01T01:27:13.964Z,,,

2024-09-01T01:27:14.965Z,,,

2024-09-01T01:27:15.965Z,,,

2024-09-01T01:27:16.967Z,,,

2024-09-01T01:27:17.967Z,,,

2024-09-01T01:27:18.968Z,,,

2024-09-01T01:27:19.968Z,,,

2024-09-01T01:27:20.970Z,,,

2024-09-01T01:27:21.971Z,,,

2024-09-01T01:27:22.971Z,,,

2024-09-01T01:27:23.972Z,,,

2024-09-01T01:27:24.972Z,,,

2024-09-01T01:27:25.972Z,,,

2024-09-01T01:27:26.973Z,,,

2024-09-01T01:27:27.974Z,,,

2024-09-01T01:27:28.974Z,,,

2024-09-01T01:27:29.976Z,,,

2024-09-01T01:27:30.976Z,,,

2024-09-01T01:27:31.978Z,,,

2024-09-01T01:27:32.978Z,,,

2024-09-01T01:27:33.978Z,,,

2024-09-01T01:27:34.979Z,,,

2024-09-01T01:27:35.980Z,,,

2024-09-01T01:27:36.982Z,,,

2024-09-01T01:27:37.982Z,,,

2024-09-01T01:27:38.984Z,,,

2024-09-01T01:27:39.985Z,,,

2024-09-01T01:27:40.985Z,,,

2024-09-01T01:27:41.987Z,,,

2024-09-01T01:27:42.987Z,,,

2024-09-01T01:27:43.989Z,,,

2024-09-01T01:27:44.988Z,,,

2024-09-01T01:27:45.988Z,,,

2024-09-01T01:27:46.990Z,,,

2024-09-01T01:27:47.991Z,,,

2024-09-01T01:27:48.992Z,,,

2024-09-01T01:27:49.993Z,,,

2024-09-01T01:27:50.993Z,,,

2024-09-01T01:27:51.994Z,,,

2024-09-01T01:27:52.996Z,,,

2024-09-01T01:27:53.997Z,,,

2024-09-01T01:27:54.997Z,,,

2024-09-01T01:27:55.998Z,,,

2024-09-01T01:27:57.000Z,,,

2024-09-01T01:27:58.000Z,,,

2024-09-01T01:27:59.001Z,,,

2024-09-01T01:28:00.001Z,,,

2024-09-01T01:28:01.003Z,,,

2024-09-01T01:28:02.003Z,,,

2024-09-01T01:28:03.005Z,,,

2024-09-01T01:28:04.006Z,,,

2024-09-01T01:28:05.006Z,,,

2024-09-01T01:28:06.006Z,,,

2024-09-01T01:28:07.008Z,,,

2024-09-01T01:28:08.009Z,,,

2024-09-01T01:28:09.010Z,,,

2024-09-01T01:28:10.010Z,,,

2024-09-01T01:28:11.011Z,,,

2024-09-01T01:28:12.013Z,,,

2024-09-01T01:28:13.013Z,,,

2024-09-01T01:28:14.014Z,,,

2024-09-01T01:28:15.015Z,,,

2024-09-01T01:28:16.015Z,,,

2024-09-01T01:28:17.017Z,,,

2024-09-01T01:28:18.017Z,,,

2024-09-01T01:28:19.018Z,,,

2024-09-01T01:29:40.070Z,,,

2024-09-01T01:29:41.071Z,,,

2024-09-01T01:29:42.073Z,,,

2024-09-01T01:29:43.073Z,,,

2024-09-01T01:29:44.073Z,,,

2024-09-01T01:29:45.073Z,,,

2024-09-01T01:29:46.074Z,,,

2024-09-01T01:29:47.074Z,,,

2024-09-01T01:29:48.075Z,,,

2024-09-01T01:29:49.076Z,,,

2024-09-01T01:29:50.076Z,,,

2024-09-01T01:29:51.078Z,,,

2024-09-01T01:29:52.078Z,,,

2024-09-01T01:29:53.079Z,,,

2024-09-01T01:29:54.079Z,,,

2024-09-01T01:29:55.080Z,,,

2024-09-01T01:29:56.080Z,,,

2024-09-01T01:29:57.082Z,,,

2024-09-01T01:29:58.083Z,,,

2024-09-01T01:29:59.084Z,,,

2024-09-01T01:30:00.084Z,,,

2024-09-01T01:30:01.085Z,,,

2024-09-01T01:30:02.086Z,,,

2024-09-01T01:30:03.087Z,,,

2024-09-01T01:30:04.087Z,,,

2024-09-01T01:30:05.091Z,,,

2024-09-01T01:30:06.089Z,,,

2024-09-01T01:30:07.090Z,,,

2024-09-01T01:30:08.090Z,,,

2024-09-01T01:30:09.092Z,,,

2024-09-01T01:30:10.093Z,,,

2024-09-01T01:30:11.094Z,,,

2024-09-01T01:30:12.094Z,,,

2024-09-01T01:30:13.095Z,,,

2024-09-01T01:30:14.096Z,,,

2024-09-01T01:30:15.097Z,,,

2024-09-01T01:30:16.098Z,,,

2024-09-01T01:30:17.099Z,,,

2024-09-01T01:30:18.099Z,,,

2024-09-01T01:32:00.167Z,,,

2024-09-01T01:32:01.168Z,,,

2024-09-01T01:32:02.169Z,,,

2024-09-01T01:32:03.170Z,,,

2024-09-01T01:32:04.172Z,,,

2024-09-01T01:32:05.173Z,,,

2024-09-01T01:32:06.173Z,,,

2024-09-01T01:32:07.173Z,,,

2024-09-01T01:32:08.175Z,,,

2024-09-01T01:32:09.176Z,,,

2024-09-01T01:32:10.176Z,,,

2024-09-01T01:32:11.178Z,,,

2024-09-01T01:32:12.179Z,,,

2024-09-01T01:32:13.180Z,,,

2024-09-01T01:32:14.180Z,,,

2024-09-01T01:32:15.181Z,,,

2024-09-01T01:32:16.183Z,,,

2024-09-01T01:32:17.183Z,,,

2024-09-01T01:32:18.185Z,,,

2024-09-01T01:32:19.186Z,,,

2024-09-01T01:32:20.187Z,,,

2024-09-01T01:32:21.187Z,,,

2024-09-01T01:32:22.188Z,,,

2024-09-01T01:32:23.190Z,,,

2024-09-01T01:32:24.190Z,,,

2024-09-01T01:32:25.192Z,,,

2024-09-01T01:32:26.192Z,,,

2024-09-01T01:32:27.193Z,,,

2024-09-01T01:32:28.195Z,,,

2024-09-01T01:32:29.195Z,,,

2024-09-01T01:32:30.195Z,,,

2024-09-01T01:32:31.196Z,,,

2024-09-01T01:32:32.197Z,,,

2024-09-01T01:32:33.198Z,,,

2024-09-01T01:32:34.200Z,,,

2024-09-01T01:32:35.200Z,,,

2024-09-01T01:32:36.202Z,,,

2024-09-01T01:32:37.202Z,,,

2024-09-01T01:32:38.203Z,,,

2024-09-01T01:32:39.204Z,,,

2024-09-01T01:32:40.205Z,,,

2024-09-01T01:32:41.207Z,,,

2024-09-01T01:32:42.207Z,,,

2024-09-01T01:32:43.209Z,,,

2024-09-01T01:32:44.210Z,,,

2024-09-01T01:32:45.210Z,,,

2024-09-01T01:32:46.211Z,,,

2024-09-01T01:32:47.213Z,,,

2024-09-01T01:32:48.213Z,,,

2024-09-01T01:32:49.215Z,,,

2024-09-01T01:32:50.216Z,,,

2024-09-01T01:32:51.216Z,,,

2024-09-01T01:32:52.217Z,,,

2024-09-01T01:32:53.218Z,,,

2024-09-01T01:32:54.219Z,,,

2024-09-01T01:32:55.220Z,,,

2024-09-01T01:32:56.221Z,,,

2024-09-01T01:32:57.222Z,,,

2024-09-01T01:32:58.224Z,,,

2024-09-01T01:32:59.223Z,,,

2024-09-01T01:33:00.225Z,,,

2024-09-01T01:33:01.225Z,,,

2024-09-01T01:33:02.227Z,,,

2024-09-01T01:33:03.227Z,,,

2024-09-01T01:33:04.229Z,,,

2024-09-01T01:33:05.230Z,,,

2024-09-01T01:33:06.230Z,,,

2024-09-01T01:33:07.232Z,,,

2024-09-01T01:33:08.233Z,,,

2024-09-01T01:33:09.233Z,,,

2024-09-01T01:33:10.234Z,,,

2024-09-01T01:33:11.235Z,,,

2024-09-01T01:33:12.236Z,,,

2024-09-01T01:33:13.236Z,,,

2024-09-01T01:33:14.238Z,,,

2024-09-01T01:33:15.238Z,,,

2024-09-01T01:33:16.239Z,,,

2024-09-01T01:33:17.240Z,,,

2024-09-01T01:33:18.241Z,,,

2024-09-01T01:33:19.241Z,,,

2024-09-01T01:33:20.242Z,,,

2024-09-01T01:33:21.244Z,,,

2024-09-01T01:33:22.244Z,,,

2024-09-01T01:33:23.244Z,,,

2024-09-01T01:33:24.245Z,,,

2024-09-01T01:33:25.245Z,,,

2024-09-01T01:33:26.247Z,,,

2024-09-01T01:33:27.247Z,,,

2024-09-01T01:33:28.248Z,,,

2024-09-01T01:33:29.248Z,,,

2024-09-01T01:33:30.249Z,,,

2024-09-01T01:33:31.250Z,,,

2024-09-01T01:33:32.251Z,,,

2024-09-01T01:33:33.252Z,,,

2024-09-01T01:33:34.252Z,,,

2024-09-01T01:33:35.253Z,,,

2024-09-01T01:35:00.326Z,,,

2024-09-01T01:35:01.326Z,,,

2024-09-01T01:35:02.326Z,,,

2024-09-01T01:35:03.326Z,,,

2024-09-01T01:35:04.327Z,,,

2024-09-01T01:35:05.327Z,,,

2024-09-01T01:35:06.327Z,,,

2024-09-01T01:35:07.329Z,,,

2024-09-01T01:35:08.329Z,,,

2024-09-01T01:35:09.330Z,,,

2024-09-01T01:35:10.330Z,,,

2024-09-01T01:35:11.331Z,,,

2024-09-01T01:35:12.332Z,,,

2024-09-01T01:35:13.333Z,,,

2024-09-01T01:35:14.333Z,,,

2024-09-01T01:35:15.334Z,,,

2024-09-01T01:35:16.336Z,,,

2024-09-01T01:35:17.336Z,,,

2024-09-01T01:35:18.336Z,,,

2024-09-01T01:35:19.337Z,,,

2024-09-01T01:35:20.337Z,,,

2024-09-01T01:35:21.339Z,,,

2024-09-01T01:35:22.340Z,,,

2024-09-01T01:35:23.340Z,,,

2024-09-01T01:35:24.341Z,,,

2024-09-01T01:35:25.341Z,,,

2024-09-01T01:35:26.341Z,,,

2024-09-01T01:35:27.341Z,,,

2024-09-01T01:35:28.343Z,,,

2024-09-01T01:35:29.343Z,,,

2024-09-01T01:35:30.342Z,,,

2024-09-01T01:35:31.343Z,,,

2024-09-01T01:35:32.344Z,,,

2024-09-01T01:35:33.345Z,,,

2024-09-01T01:35:34.346Z,,,

2024-09-01T01:35:35.347Z,,,

2024-09-01T01:35:36.347Z,,,

2024-09-01T01:35:37.348Z,,,

2024-09-01T01:35:38.351Z,,,

2024-09-01T01:35:39.350Z,,,

2024-09-01T01:35:40.350Z,,,

2024-09-01T01:35:41.351Z,,,

2024-09-01T01:35:42.352Z,,,

2024-09-01T01:35:43.352Z,,,

2024-09-01T01:35:44.353Z,,,

2024-09-01T01:35:45.354Z,,,

2024-09-01T01:35:46.354Z,,,

2024-09-01T01:35:47.355Z,,,

2024-09-01T01:35:48.356Z,,,

2024-09-01T01:35:49.356Z,,,

2024-09-01T01:35:50.356Z,,,

2024-09-01T01:35:51.358Z,,,

2024-09-01T01:35:52.358Z,,,

2024-09-01T01:35:53.358Z,,,

2024-09-01T01:35:54.359Z,,,

2024-09-01T01:35:55.360Z,,,

2024-09-01T01:35:56.360Z,,,

2024-09-01T01:35:57.362Z,,,

2024-09-01T01:35:58.362Z,,,

2024-09-01T01:35:59.364Z,,,

2024-09-01T01:36:00.364Z,,,

2024-09-01T01:36:01.367Z,,,

2024-09-01T01:36:02.365Z,,,

2024-09-01T01:36:03.365Z,,,

2024-09-01T01:36:04.365Z,,,

2024-09-01T01:36:05.366Z,,,

2024-09-01T01:36:06.366Z,,,

2024-09-01T01:36:07.367Z,,,

2024-09-01T01:36:08.367Z,,,

2024-09-01T01:36:09.368Z,,,

2024-09-01T01:36:10.369Z,,,

2024-09-01T01:36:11.370Z,,,

2024-09-01T01:36:12.370Z,,,

2024-09-01T01:36:13.370Z,,,

2024-09-01T01:36:14.370Z,,,

2024-09-01T01:36:15.372Z,,,

2024-09-01T01:36:16.372Z,,,

2024-09-01T01:36:17.373Z,,,

2024-09-01T01:36:18.374Z,,,

2024-09-01T01:36:19.374Z,,,

2024-09-01T01:36:20.375Z,,,

2024-09-01T01:36:21.376Z,,,

2024-09-01T01:36:22.377Z,,,

2024-09-01T01:38:18.443Z,,,

2024-09-01T01:38:19.444Z,,,

2024-09-01T01:38:20.444Z,,,

2024-09-01T01:38:21.445Z,,,

2024-09-01T01:38:22.446Z,,,

2024-09-01T01:38:23.447Z,,,

2024-09-01T01:38:24.447Z,,,

2024-09-01T01:38:25.447Z,,,

2024-09-01T01:38:26.449Z,,,

2024-09-01T01:38:27.449Z,,,

2024-09-01T01:38:28.450Z,,,

2024-09-01T01:38:29.451Z,,,

2024-09-01T01:38:30.451Z,,,

2024-09-01T01:38:31.452Z,,,

2024-09-01T01:38:32.454Z,,,

2024-09-01T01:38:33.454Z,,,

2024-09-01T01:38:34.454Z,,,

2024-09-01T01:38:35.455Z,,,

2024-09-01T01:38:36.457Z,,,

2024-09-01T01:38:37.458Z,,,

2024-09-01T01:38:38.458Z,,,

2024-09-01T01:38:39.459Z,,,

2024-09-01T01:38:40.460Z,,,

2024-09-01T01:38:41.460Z,,,

2024-09-01T01:38:42.462Z,,,

2024-09-01T01:38:43.462Z,,,

2024-09-01T01:38:44.463Z,,,

2024-09-01T01:38:45.463Z,,,

2024-09-01T01:38:46.465Z,,,

2024-09-01T01:38:47.465Z,,,

2024-09-01T01:38:48.465Z,,,

2024-09-01T01:38:49.467Z,,,

2024-09-01T01:38:50.468Z,,,

2024-09-01T01:38:51.469Z,,,

2024-09-01T01:38:52.470Z,,,

2024-09-01T01:38:53.471Z,,,

2024-09-01T01:38:54.471Z,,,

2024-09-01T01:38:55.471Z,,,

2024-09-01T01:38:56.472Z,,,

2024-09-01T01:38:57.474Z,,,

2024-09-01T01:38:58.475Z,,,

2024-09-01T01:38:59.476Z,,,

2024-09-01T01:39:00.475Z,,,

2024-09-01T01:39:01.477Z,,,

2024-09-01T01:39:02.478Z,,,

2024-09-01T01:39:03.479Z,,,

2024-09-01T01:39:04.479Z,,,

2024-09-01T01:39:05.479Z,,,

2024-09-01T01:39:06.481Z,,,

2024-09-01T01:39:07.481Z,,,

2024-09-01T01:39:08.483Z,,,

2024-09-01T01:39:09.483Z,,,

2024-09-01T01:39:10.484Z,,,

2024-09-01T01:39:11.485Z,,,

2024-09-01T01:39:12.485Z,,,

2024-09-01T01:39:13.486Z,,,

2024-09-01T01:39:14.486Z,,,

2024-09-01T01:39:15.486Z,,,

2024-09-01T01:39:16.488Z,,,

2024-09-01T01:39:17.489Z,,,

2024-09-01T01:39:18.490Z,,,

2024-09-01T01:39:19.490Z,,,

2024-09-01T01:39:20.491Z,,,

2024-09-01T01:39:21.491Z,,,

2024-09-01T01:39:22.492Z,,,

2024-09-01T01:39:23.493Z,,,

2024-09-01T01:39:24.494Z,,,

2024-09-01T01:39:25.494Z,,,

2024-09-01T01:39:26.496Z,,,

2024-09-01T01:39:27.496Z,,,

2024-09-01T01:39:28.497Z,,,

2024-09-01T01:39:29.498Z,,,

2024-09-01T01:39:30.499Z,,,

2024-09-01T01:39:31.499Z,,,

2024-09-01T01:39:32.500Z,,,

2024-09-01T01:39:33.501Z,,,

2024-09-01T01:39:34.502Z,,,

2024-09-01T01:39:35.503Z,,,

2024-09-01T01:39:36.504Z,,,

2024-09-01T01:39:37.505Z,,,

2024-09-01T01:39:38.506Z,,,

2024-09-01T01:39:39.506Z,,,

2024-09-01T01:39:40.507Z,,,

2024-09-01T01:39:41.508Z,,,

2024-09-01T01:39:42.509Z,,,

2024-09-01T01:39:43.510Z,,,

2024-09-01T01:39:44.511Z,,,

2024-09-01T01:39:45.512Z,,,

2024-09-01T01:39:46.513Z,,,

2024-09-01T01:39:47.515Z,,,

2024-09-01T01:39:48.515Z,,,

2024-09-01T01:39:49.516Z,,,

2024-09-01T01:39:50.517Z,,,

2024-09-01T01:39:51.518Z,,,

2024-09-01T01:39:52.520Z,,,

2024-09-01T01:39:53.520Z,,,

2024-09-01T01:39:54.521Z,,,

2024-09-01T01:39:55.523Z,,,

2024-09-01T01:39:56.523Z,,,

2024-09-01T01:39:57.523Z,,,

2024-09-01T01:39:58.524Z,,,

2024-09-01T01:39:59.526Z,,,

2024-09-01T01:40:00.526Z,,,

2024-09-01T01:40:01.528Z,,,

2024-09-01T01:40:02.528Z,,,

2024-09-01T01:40:03.528Z,,,

2024-09-01T01:40:04.530Z,,,

2024-09-01T01:40:05.531Z,,,

2024-09-01T01:40:06.533Z,,,

2024-09-01T01:40:07.533Z,,,

2024-09-01T01:40:08.534Z,,,

2024-09-01T01:40:09.536Z,,,

2024-09-01T01:40:10.537Z,,,

2024-09-01T01:40:11.537Z,,,

2024-09-01T01:40:12.539Z,,,

2024-09-01T01:40:13.538Z,,,

2024-09-01T01:40:14.540Z,,,

2024-09-01T01:40:15.541Z,,,

2024-09-01T01:40:16.542Z,,,

2024-09-01T01:40:17.543Z,,,

2024-09-01T01:40:18.544Z,,,

2024-09-01T01:40:19.545Z,,,

2024-09-01T01:40:20.546Z,,,

2024-09-01T01:40:21.547Z,,,

2024-09-01T01:40:22.547Z,,,

2024-09-01T01:40:23.549Z,,,

2024-09-01T01:40:24.550Z,,,

2024-09-01T01:40:25.551Z,,,

2024-09-01T01:40:26.552Z,,,

2024-09-01T01:40:27.553Z,,,

2024-09-01T01:40:28.553Z,,,

2024-09-01T01:40:29.554Z,,,

2024-09-01T01:40:30.555Z,,,

2024-09-01T01:40:31.556Z,,,

2024-09-01T01:40:32.557Z,,,

2024-09-01T01:40:33.558Z,,,

2024-09-01T01:40:34.559Z,,,

2024-09-01T01:40:35.560Z,,,

2024-09-01T01:40:36.561Z,,,

2024-09-01T01:40:37.562Z,,,

2024-09-01T01:40:38.562Z,,,

2024-09-01T01:40:39.564Z,,,

2024-09-01T01:40:40.566Z,,,

2024-09-01T01:40:41.567Z,,,

2024-09-01T01:40:42.567Z,,,

2024-09-01T01:40:43.567Z,,,

2024-09-01T01:40:44.567Z,,,

2024-09-01T01:40:45.569Z,,,

2024-09-01T01:40:46.569Z,,,

2024-09-01T01:40:47.569Z,,,

2024-09-01T01:40:48.570Z,,,

2024-09-01T01:40:49.571Z,,,

2024-09-01T01:40:50.573Z,,,

2024-09-01T01:40:51.573Z,,,

2024-09-01T01:40:52.573Z,,,

2024-09-01T01:40:53.574Z,,,

2024-09-01T01:40:54.576Z,,,

2024-09-01T01:40:55.577Z,,,

2024-09-01T01:40:56.577Z,,,

2024-09-01T01:40:57.577Z,,,

2024-09-01T01:40:58.577Z,,,

2024-09-01T01:40:59.576Z,,,

2024-09-01T01:41:00.578Z,,,

2024-09-01T01:41:01.578Z,,,

2024-09-01T01:41:02.578Z,,,

2024-09-01T01:41:03.579Z,,,

2024-09-01T01:41:04.580Z,,,

2024-09-01T01:41:05.582Z,,,

2024-09-01T01:41:06.581Z,,,

2024-09-01T01:41:07.583Z,,,

2024-09-01T01:41:08.583Z,,,

2024-09-01T01:41:09.584Z,,,

2024-09-01T01:41:10.585Z,,,

2024-09-01T01:41:11.586Z,,,

2024-09-01T01:41:12.586Z,,,

2024-09-01T01:41:13.586Z,,,

2024-09-01T01:41:14.586Z,,,

2024-09-01T01:41:15.588Z,,,

2024-09-01T01:41:16.588Z,,,

2024-09-01T01:41:17.588Z,,,

2024-09-01T01:41:18.588Z,,,

2024-09-01T01:41:19.590Z,,,

2024-09-01T01:41:20.591Z,,,

2024-09-01T01:41:21.593Z,,,

2024-09-01T01:41:22.594Z,,,

2024-09-01T01:41:23.595Z,,,

2024-09-01T01:41:24.595Z,,,

2024-09-01T01:41:25.596Z,,,

2024-09-01T01:41:26.597Z,,,

2024-09-01T01:41:27.597Z,,,

2024-09-01T01:41:28.598Z,,,

2024-09-01T01:41:29.599Z,,,

2024-09-01T01:41:30.600Z,,,

2024-09-01T01:41:31.600Z,,,

2024-09-01T01:41:32.601Z,,,

2024-09-01T01:41:33.602Z,,,

2024-09-01T01:41:34.602Z,,,

2024-09-01T01:41:35.603Z,,,

2024-09-01T01:41:36.604Z,,,

2024-09-01T01:41:37.603Z,,,

2024-09-01T01:41:38.604Z,,,

2024-09-01T01:41:39.606Z,,,

2024-09-01T01:41:40.607Z,,,

2024-09-01T01:41:41.606Z,,,

2024-09-01T01:41:42.607Z,,,

2024-09-01T01:41:43.608Z,,,

2024-09-01T01:41:44.608Z,,,

2024-09-01T01:41:45.610Z,,,

2024-09-01T01:41:46.610Z,,,

2024-09-01T01:41:47.610Z,,,

2024-09-01T01:41:48.611Z,,,

2024-09-01T01:41:49.613Z,,,

2024-09-01T01:41:50.613Z,,,

2024-09-01T01:41:51.614Z,,,

2024-09-01T01:41:52.614Z,,,

2024-09-01T01:41:53.615Z,,,

2024-09-01T01:41:54.616Z,,,

2024-09-01T01:41:55.616Z,,,

2024-09-01T01:41:56.616Z,,,

2024-09-01T01:41:57.617Z,,,

2024-09-01T01:41:58.617Z,,,

2024-09-01T01:41:59.617Z,,,

2024-09-01T01:42:00.618Z,,,

2024-09-01T01:42:01.619Z,,,

2024-09-01T01:42:02.620Z,,,

2024-09-01T01:42:03.621Z,,,

2024-09-01T01:42:04.622Z,,,

2024-09-01T01:42:05.624Z,,,

2024-09-01T01:42:06.624Z,,,

2024-09-01T01:42:07.625Z,,,

2024-09-01T01:42:08.626Z,,,

2024-09-01T01:42:09.626Z,,,

2024-09-01T01:42:10.628Z,,,

2024-09-01T01:42:11.628Z,,,

2024-09-01T01:42:12.630Z,,,

2024-09-01T01:42:13.630Z,,,

2024-09-01T01:42:14.630Z,,,

2024-09-01T01:42:15.631Z,,,

2024-09-01T01:42:16.632Z,,,

2024-09-01T01:42:17.632Z,,,

2024-09-01T01:42:18.633Z,,,

2024-09-01T01:42:19.634Z,,,

2024-09-01T01:42:20.635Z,,,

2024-09-01T01:42:21.636Z,,,

2024-09-01T01:42:22.636Z,,,

2024-09-01T01:42:23.636Z,,,

2024-09-01T01:42:24.637Z,,,

2024-09-01T01:42:25.637Z,,,

2024-09-01T01:42:26.639Z,,,

2024-09-01T01:42:27.639Z,,,

2024-09-01T01:42:28.639Z,,,

2024-09-01T01:42:29.640Z,,,

2024-09-01T01:42:30.641Z,,,

2024-09-01T01:42:31.641Z,,,

2024-09-01T01:42:32.642Z,,,

2024-09-01T01:42:33.642Z,,,

2024-09-01T01:42:34.643Z,,,

2024-09-01T01:42:35.645Z,,,

2024-09-01T01:42:36.646Z,,,

2024-09-01T01:42:37.647Z,,,

2024-09-01T01:42:38.647Z,,,

2024-09-01T01:42:39.647Z,,,

2024-09-01T01:42:40.649Z,,,

2024-09-01T01:42:41.650Z,,,

2024-09-01T01:42:42.651Z,,,

2024-09-01T01:42:43.651Z,,,

2024-09-01T01:42:44.651Z,,,

2024-09-01T01:42:45.653Z,,,

2024-09-01T01:42:46.653Z,,,

2024-09-01T01:42:47.653Z,,,

2024-09-01T01:42:48.655Z,,,

2024-09-01T01:42:49.655Z,,,

2024-09-01T01:42:50.656Z,,,

2024-09-01T01:42:51.656Z,,,

2024-09-01T01:42:52.657Z,,,

2024-09-01T01:42:53.657Z,,,

2024-09-01T01:42:54.658Z,,,

2024-09-01T01:42:55.658Z,,,

2024-09-01T01:42:56.659Z,,,

2024-09-01T01:42:57.659Z,,,

2024-09-01T01:42:58.659Z,,,

2024-09-01T01:42:59.659Z,,,

2024-09-01T01:43:00.660Z,,,

2024-09-01T01:43:01.661Z,,,

2024-09-01T01:43:02.662Z,,,

2024-09-01T01:43:03.662Z,,,

2024-09-01T01:43:04.663Z,,,

2024-09-01T01:43:05.664Z,,,

2024-09-01T01:43:06.664Z,,,

2024-09-01T01:43:07.664Z,,,

2024-09-01T01:43:08.666Z,,,

2024-09-01T01:43:09.666Z,,,

2024-09-01T01:43:10.668Z,,,

2024-09-01T01:43:11.668Z,,,

2024-09-01T01:43:12.669Z,,,

2024-09-01T01:43:13.669Z,,,

2024-09-01T01:43:14.669Z,,,

2024-09-01T01:43:15.670Z,,,

2024-09-01T01:43:16.671Z,,,

2024-09-01T01:43:17.673Z,,,

2024-09-01T01:43:18.674Z,,,

2024-09-01T01:43:19.674Z,,,

2024-09-01T01:43:20.675Z,,,

2024-09-01T01:43:21.676Z,,,

2024-09-01T01:43:22.676Z,,,

2024-09-01T01:43:23.676Z,,,

2024-09-01T01:43:24.678Z,,,

2024-09-01T01:43:25.678Z,,,

2024-09-01T01:43:26.679Z,,,

2024-09-01T01:43:27.680Z,,,

2024-09-01T01:43:28.681Z,,,

2024-09-01T01:43:29.681Z,,,

2024-09-01T01:43:30.682Z,,,

2024-09-01T01:43:31.683Z,,,

2024-09-01T01:43:32.683Z,,,

2024-09-01T01:43:33.683Z,,,

2024-09-01T01:43:34.683Z,,,

2024-09-01T01:43:35.683Z,,,

2024-09-01T01:43:36.684Z,,,

2024-09-01T01:43:37.685Z,,,

2024-09-01T01:43:38.685Z,,,

2024-09-01T01:43:39.685Z,,,

2024-09-01T01:43:40.687Z,,,

2024-09-01T01:43:41.687Z,,,

2024-09-01T01:43:42.688Z,,,

2024-09-01T01:43:43.689Z,,,

2024-09-01T01:43:44.689Z,,,

2024-09-01T01:43:45.689Z,,,

2024-09-01T01:43:46.690Z,,,

2024-09-01T01:43:47.690Z,,,

2024-09-01T01:43:48.691Z,,,

2024-09-01T01:43:49.692Z,,,

2024-09-01T01:43:50.693Z,,,

2024-09-01T01:43:51.694Z,,,

2024-09-01T01:43:52.695Z,,,

2024-09-01T01:43:53.694Z,,,

2024-09-01T01:43:54.696Z,,,

2024-09-01T01:43:55.697Z,,,

2024-09-01T01:43:56.697Z,,,

2024-09-01T01:43:57.697Z,,,

2024-09-01T01:43:58.698Z,,,

2024-09-01T01:43:59.699Z,,,

2024-09-01T01:44:00.699Z,,,

2024-09-01T01:44:01.700Z,,,

2024-09-01T01:44:02.701Z,,,

2024-09-01T01:44:03.703Z,,,

2024-09-01T01:44:04.703Z,,,

2024-09-01T01:44:05.704Z,,,

2024-09-01T01:44:06.704Z,,,

2024-09-01T01:44:07.705Z,,,

2024-09-01T01:44:08.706Z,,,

2024-09-01T01:44:09.707Z,,,

2024-09-01T01:44:10.707Z,,,

2024-09-01T01:44:11.708Z,,,

2024-09-01T01:44:12.710Z,,,

2024-09-01T01:44:13.710Z,,,

2024-09-01T01:44:14.710Z,,,

2024-09-01T01:44:15.710Z,,,

2024-09-01T01:44:16.711Z,,,

2024-09-01T01:44:17.711Z,,,

2024-09-01T01:44:18.712Z,,,

2024-09-01T01:44:19.714Z,,,

2024-09-01T01:44:20.714Z,,,

2024-09-01T01:44:21.714Z,,,

2024-09-01T01:44:22.715Z,,,

2024-09-01T01:44:23.715Z,,,

2024-09-01T01:44:24.715Z,,,

2024-09-01T01:44:25.716Z,,,

2024-09-01T01:44:26.717Z,,,

2024-09-01T01:44:27.717Z,,,

2024-09-01T01:44:28.718Z,,,

2024-09-01T01:44:29.719Z,,,

2024-09-01T01:44:30.720Z,,,

2024-09-01T01:44:31.721Z,,,

2024-09-01T01:44:32.722Z,,,

2024-09-01T01:44:33.722Z,,,

2024-09-01T01:44:34.722Z,,,

2024-09-01T01:44:35.722Z,,,

2024-09-01T01:44:36.723Z,,,

2024-09-01T01:44:37.723Z,,,

2024-09-01T01:44:38.723Z,,,

2024-09-01T01:44:39.723Z,,,

2024-09-01T01:44:40.724Z,,,

2024-09-01T01:44:41.724Z,,,

2024-09-01T01:44:42.726Z,,,

2024-09-01T01:44:43.726Z,,,

2024-09-01T01:44:44.726Z,,,

2024-09-01T01:44:45.726Z,,,

2024-09-01T01:44:46.727Z,,,

2024-09-01T01:44:47.728Z,,,

2024-09-01T01:44:48.728Z,,,

2024-09-01T01:44:49.729Z,,,

2024-09-01T01:44:50.729Z,,,

2024-09-01T01:44:51.731Z,,,

2024-09-01T01:44:52.732Z,,,

2024-09-01T01:44:53.732Z,,,

2024-09-01T01:44:54.732Z,,,

2024-09-01T01:44:55.732Z,,,

2024-09-01T01:44:56.732Z,,,

2024-09-01T01:44:57.734Z,,,

2024-09-01T01:44:58.734Z,,,

2024-09-01T01:44:59.734Z,,,

2024-09-01T01:45:00.734Z,,,

2024-09-01T01:45:01.735Z,,,

2024-09-01T01:45:02.736Z,,,

2024-09-01T01:45:03.737Z,,,

2024-09-01T01:45:04.738Z,,,

2024-09-01T01:46:16.783Z,,,

2024-09-01T01:46:17.783Z,,,

2024-09-01T01:46:18.783Z,,,

2024-09-01T01:46:19.784Z,,,

2024-09-01T01:46:20.785Z,,,

2024-09-01T01:46:21.785Z,,,

2024-09-01T01:46:22.785Z,,,

2024-09-01T01:46:23.786Z,,,

2024-09-01T01:46:24.786Z,,,

2024-09-01T01:46:25.788Z,,,

2024-09-01T01:46:26.789Z,,,

2024-09-01T01:46:27.789Z,,,

2024-09-01T01:46:28.790Z,,,

2024-09-01T01:46:29.792Z,,,

2024-09-01T01:46:30.793Z,,,

2024-09-01T01:46:31.793Z,,,

2024-09-01T01:46:32.795Z,,,

2024-09-01T01:46:33.795Z,,,

2024-09-01T01:46:34.796Z,,,

2024-09-01T01:46:35.798Z,,,

2024-09-01T01:46:36.798Z,,,

2024-09-01T01:46:37.799Z,,,

2024-09-01T01:46:38.801Z,,,

2024-09-01T01:46:39.802Z,,,

2024-09-01T01:46:40.803Z,,,

2024-09-01T01:46:41.803Z,,,

2024-09-01T01:46:42.803Z,,,

2024-09-01T01:46:43.804Z,,,

2024-09-01T01:46:44.804Z,,,

2024-09-01T01:46:45.805Z,,,

2024-09-01T01:46:46.807Z,,,

2024-09-01T01:46:47.807Z,,,

2024-09-01T01:46:48.808Z,,,

2024-09-01T01:46:49.809Z,,,

2024-09-01T01:46:50.811Z,,,

2024-09-01T01:46:51.811Z,,,

2024-09-01T01:46:52.812Z,,,

2024-09-01T01:46:53.812Z,,,

2024-09-01T01:46:54.813Z,,,

2024-09-01T01:46:55.814Z,,,

2024-09-01T01:46:56.815Z,,,

2024-09-01T01:46:57.815Z,,,

2024-09-01T01:46:58.816Z,,,

2024-09-01T01:46:59.817Z,,,

2024-09-01T01:47:00.819Z,,,

2024-09-01T01:47:01.819Z,,,

2024-09-01T01:47:02.820Z,,,

2024-09-01T01:47:03.821Z,,,

2024-09-01T01:47:04.822Z,,,

2024-09-01T01:47:05.822Z,,,

2024-09-01T01:47:06.823Z,,,

2024-09-01T01:47:07.824Z,,,

2024-09-01T01:47:08.826Z,,,

2024-09-01T01:47:09.827Z,,,

2024-09-01T01:47:10.828Z,,,

2024-09-01T01:47:11.828Z,,,

2024-09-01T01:47:12.830Z,,,

2024-09-01T01:47:13.830Z,,,

2024-09-01T01:47:14.831Z,,,

2024-09-01T01:47:15.831Z,,,

2024-09-01T01:47:16.833Z,,,

2024-09-01T01:47:17.833Z,,,

2024-09-01T01:47:18.835Z,,,

2024-09-01T01:47:19.836Z,,,

2024-09-01T01:47:20.837Z,,,

2024-09-01T01:47:21.837Z,,,

2024-09-01T01:47:22.839Z,,,

2024-09-01T01:47:23.839Z,,,

2024-09-01T01:47:24.839Z,,,

2024-09-01T01:47:25.840Z,,,

2024-09-01T01:47:26.841Z,,,

2024-09-01T01:47:27.842Z,,,

2024-09-01T01:47:28.843Z,,,

2024-09-01T01:47:29.843Z,,,

2024-09-01T01:47:30.844Z,,,

2024-09-01T01:47:31.845Z,,,

2024-09-01T01:47:32.845Z,,,

2024-09-01T01:47:33.846Z,,,

2024-09-01T01:47:34.846Z,,,

2024-09-01T01:47:35.848Z,,,

2024-09-01T01:47:36.848Z,,,

2024-09-01T01:47:37.849Z,,,

2024-09-01T01:47:38.851Z,,,

2024-09-01T01:47:39.851Z,,,

2024-09-01T01:47:40.851Z,,,

2024-09-01T01:47:41.852Z,,,

2024-09-01T01:47:42.853Z,,,

2024-09-01T01:47:43.854Z,,,

2024-09-01T01:47:44.855Z,,,

2024-09-01T01:47:45.855Z,,,

2024-09-01T01:47:46.856Z,,,

2024-09-01T01:47:47.858Z,,,

2024-09-01T01:47:48.860Z,,,

2024-09-01T01:47:49.860Z,,,

2024-09-01T01:47:50.862Z,,,

2024-09-01T01:47:51.862Z,,,

2024-09-01T01:47:52.863Z,,,

2024-09-01T01:47:53.865Z,,,

2024-09-01T01:47:54.866Z,,,

2024-09-01T01:47:55.867Z,,,

2024-09-01T01:47:56.868Z,,,

2024-09-01T01:47:57.869Z,,,

2024-09-01T01:47:58.870Z,,,

2024-09-01T01:47:59.871Z,,,

2024-09-01T01:48:00.872Z,,,

2024-09-01T01:48:01.872Z,,,

2024-09-01T01:48:02.873Z,,,

2024-09-01T01:48:03.875Z,,,

2024-09-01T01:48:04.876Z,,,

2024-09-01T01:48:05.876Z,,,

2024-09-01T01:48:06.877Z,,,

2024-09-01T01:48:07.878Z,,,

2024-09-01T01:48:08.880Z,,,

2024-09-01T01:48:09.881Z,,,

2024-09-01T01:48:10.881Z,,,

2024-09-01T01:48:11.882Z,,,

2024-09-01T01:48:12.883Z,,,

2024-09-01T01:48:13.884Z,,,

2024-09-01T01:48:14.885Z,,,

2024-09-01T01:48:15.885Z,,,

2024-09-01T01:48:16.886Z,,,

2024-09-01T01:48:17.888Z,,,

2024-09-01T01:48:18.888Z,,,

2024-09-01T01:48:19.889Z,,,

2024-09-01T01:48:20.890Z,,,

2024-09-01T01:48:21.891Z,,,

2024-09-01T01:48:22.891Z,,,

2024-09-01T01:48:23.891Z,,,

2024-09-01T01:48:24.892Z,,,

2024-09-01T01:48:25.893Z,,,

2024-09-01T01:48:26.895Z,,,

2024-09-01T01:48:27.895Z,,,

2024-09-01T01:48:28.896Z,,,

2024-09-01T01:48:29.898Z,,,

2024-09-01T01:48:30.896Z,,,

2024-09-01T01:48:31.896Z,,,

2024-09-01T01:48:32.897Z,,,

2024-09-01T01:48:33.899Z,,,

2024-09-01T01:48:34.900Z,,,

2024-09-01T01:48:35.901Z,,,

2024-09-01T01:48:36.903Z,,,

2024-09-01T01:48:37.903Z,,,

2024-09-01T01:48:38.904Z,,,

2024-09-01T01:48:39.906Z,,,

2024-09-01T01:48:40.907Z,,,

2024-09-01T01:48:41.907Z,,,

2024-09-01T01:48:42.909Z,,,

2024-09-01T01:48:43.910Z,,,

2024-09-01T01:48:44.910Z,,,

2024-09-01T01:48:45.911Z,,,

2024-09-01T01:48:46.912Z,,,

2024-09-01T01:48:47.912Z,,,

2024-09-01T01:48:48.914Z,,,

2024-09-01T01:48:49.914Z,,,

2024-09-01T01:48:50.915Z,,,

2024-09-01T01:48:51.916Z,,,

2024-09-01T01:48:52.918Z,,,

2024-09-01T01:48:53.918Z,,,

2024-09-01T01:48:54.918Z,,,

2024-09-01T01:48:55.919Z,,,

2024-09-01T01:48:56.919Z,,,

2024-09-01T01:48:57.920Z,,,

2024-09-01T01:48:58.920Z,,,

2024-09-01T01:48:59.920Z,,,

2024-09-01T01:49:00.920Z,,,

2024-09-01T01:49:01.921Z,,,

2024-09-01T01:49:02.922Z,,,

2024-09-01T01:49:03.923Z,,,

2024-09-01T01:49:04.924Z,,,

2024-09-01T01:49:05.924Z,,,

2024-09-01T01:49:06.925Z,,,

2024-09-01T01:49:07.926Z,,,

2024-09-01T01:49:08.926Z,,,

2024-09-01T01:49:09.927Z,,,

2024-09-01T01:49:10.928Z,,,

2024-09-01T01:49:11.929Z,,,

2024-09-01T01:50:22.971Z,,,

2024-09-01T01:50:23.971Z,,,

2024-09-01T01:50:24.972Z,,,

2024-09-01T01:50:25.973Z,,,

2024-09-01T01:50:26.974Z,,,

2024-09-01T01:50:27.975Z,,,

2024-09-01T01:50:28.975Z,,,

2024-09-01T01:50:29.976Z,,,

2024-09-01T01:50:30.976Z,,,

2024-09-01T01:50:31.977Z,,,

2024-09-01T01:50:32.979Z,,,

2024-09-01T01:50:33.979Z,,,

2024-09-01T01:50:34.979Z,,,

2024-09-01T01:50:35.980Z,,,

2024-09-01T01:50:36.981Z,,,

2024-09-01T01:50:37.981Z,,,

2024-09-01T01:50:38.981Z,,,

2024-09-01T01:50:39.981Z,,,

2024-09-01T01:50:40.982Z,,,

2024-09-01T01:50:41.983Z,,,

2024-09-01T01:50:42.983Z,,,

2024-09-01T01:50:43.984Z,,,

2024-09-01T01:50:44.985Z,,,

2024-09-01T01:50:45.986Z,,,

2024-09-01T01:50:46.986Z,,,

2024-09-01T01:50:47.987Z,,,

2024-09-01T01:50:48.987Z,,,

2024-09-01T01:50:49.988Z,,,

2024-09-01T01:50:50.989Z,,,

2024-09-01T01:50:51.989Z,,,

2024-09-01T01:50:52.989Z,,,

2024-09-01T01:50:53.992Z,,,

2024-09-01T01:50:54.991Z,,,

2024-09-01T01:50:55.992Z,,,

2024-09-01T01:50:56.992Z,,,

2024-09-01T01:50:57.993Z,,,

2024-09-01T01:50:58.993Z,,,

2024-09-01T01:50:59.993Z,,,

2024-09-01T01:51:00.994Z,,,

2024-09-01T01:51:01.995Z,,,

2024-09-01T01:51:02.995Z,,,

2024-09-01T01:51:03.996Z,,,

2024-09-01T01:51:04.996Z,,,

2024-09-01T01:51:05.997Z,,,

2024-09-01T01:51:06.998Z,,,

2024-09-01T01:51:07.998Z,,,

2024-09-01T01:51:08.998Z,,,

2024-09-01T01:51:09.999Z,,,

2024-09-01T01:51:11.000Z,,,

2024-09-01T01:51:12.000Z,,,

2024-09-01T01:51:13.001Z,,,

2024-09-01T01:51:14.001Z,,,

2024-09-01T01:51:15.001Z,,,

2024-09-01T01:51:16.002Z,,,

2024-09-01T01:51:17.003Z,,,

2024-09-01T01:51:18.004Z,,,

2024-09-01T01:51:19.004Z,,,

2024-09-01T01:51:20.005Z,,,

2024-09-01T01:51:21.006Z,,,

2024-09-01T01:51:22.006Z,,,

2024-09-01T01:51:23.006Z,,,

2024-09-01T01:51:24.007Z,,,

2024-09-01T01:51:25.007Z,,,

2024-09-01T01:51:26.007Z,,,

2024-09-01T01:51:27.007Z,,,

2024-09-01T01:51:28.008Z,,,

2024-09-01T01:51:29.008Z,,,

2024-09-01T01:51:30.009Z,,,

2024-09-01T01:51:31.010Z,,,

2024-09-01T01:51:32.010Z,,,

2024-09-01T01:51:33.011Z,,,

2024-09-01T01:51:34.012Z,,,

2024-09-01T01:51:35.012Z,,,

2024-09-01T01:51:36.012Z,,,

2024-09-01T01:51:37.013Z,,,

2024-09-01T01:51:38.013Z,,,

2024-09-01T01:51:39.014Z,,,

2024-09-01T01:51:40.014Z,,,

2024-09-01T01:51:41.015Z,,,

2024-09-01T01:51:42.015Z,,,

2024-09-01T01:51:43.016Z,,,

2024-09-01T01:51:44.016Z,,,

2024-09-01T01:51:45.016Z,,,

2024-09-01T01:51:46.016Z,,,

2024-09-01T01:51:47.017Z,,,

2024-09-01T01:51:48.017Z,,,

2024-09-01T01:51:49.018Z,,,

2024-09-01T01:51:50.019Z,,,

2024-09-01T01:51:51.019Z,,,

2024-09-01T01:51:52.020Z,,,

2024-09-01T01:51:53.022Z,,,

2024-09-01T01:51:54.022Z,,,

2024-09-01T01:51:55.022Z,,,

2024-09-01T01:51:56.022Z,,,

2024-09-01T01:51:57.022Z,,,

2024-09-01T01:51:58.023Z,,,

2024-09-01T01:51:59.024Z,,,

2024-09-01T01:52:00.024Z,,,

2024-09-01T01:52:01.026Z,,,

2024-09-01T01:52:02.026Z,,,

2024-09-01T01:52:03.027Z,,,

2024-09-01T01:52:04.027Z,,,

2024-09-01T01:52:05.027Z,,,

2024-09-01T01:52:06.027Z,,,

2024-09-01T01:52:07.028Z,,,

2024-09-01T01:52:08.028Z,,,

2024-09-01T01:52:09.028Z,,,

2024-09-01T01:52:10.030Z,,,

2024-09-01T01:52:11.030Z,,,

2024-09-01T01:52:12.031Z,,,

2024-09-01T01:52:13.031Z,,,

2024-09-01T01:52:14.032Z,,,

2024-09-01T01:52:15.033Z,,,

2024-09-01T01:52:16.033Z,,,

2024-09-01T01:52:17.033Z,,,

2024-09-01T01:52:18.034Z,,,

2024-09-01T01:52:19.035Z,,,

2024-09-01T01:52:20.036Z,,,

2024-09-01T01:52:21.037Z,,,

2024-09-01T01:52:22.038Z,,,

2024-09-01T01:52:23.039Z,,,

2024-09-01T01:52:24.040Z,,,

2024-09-01T01:52:25.040Z,,,

2024-09-01T01:52:26.041Z,,,

2024-09-01T01:52:27.042Z,,,

2024-09-01T01:52:28.042Z,,,

2024-09-01T01:52:29.044Z,,,

2024-09-01T01:52:30.044Z,,,

2024-09-01T01:52:31.045Z,,,

2024-09-01T01:52:32.047Z,,,

2024-09-01T01:52:33.048Z,,,

2024-09-01T01:52:34.049Z,,,

2024-09-01T01:52:35.049Z,,,

2024-09-01T01:52:36.051Z,,,

2024-09-01T01:52:37.052Z,,,

2024-09-01T01:52:38.053Z,,,

2024-09-01T01:52:39.053Z,,,

2024-09-01T01:52:40.054Z,,,

2024-09-01T01:52:41.056Z,,,

2024-09-01T01:52:42.057Z,,,

2024-09-01T01:52:43.058Z,,,

2024-09-01T01:52:44.058Z,,,

2024-09-01T01:52:45.058Z,,,

2024-09-01T01:52:46.059Z,,,

2024-09-01T01:52:47.060Z,,,

2024-09-01T01:52:48.061Z,,,

2024-09-01T01:52:49.062Z,,,

2024-09-01T01:52:50.062Z,,,

2024-09-01T01:52:51.062Z,,,

2024-09-01T01:52:52.064Z,,,

2024-09-01T01:52:53.064Z,,,

2024-09-01T01:52:54.066Z,,,

2024-09-01T01:52:55.066Z,,,

2024-09-01T01:52:56.067Z,,,

2024-09-01T01:52:57.067Z,,,

2024-09-01T01:52:58.069Z,,,

2024-09-01T01:52:59.069Z,,,

2024-09-01T01:53:00.071Z,,,

2024-09-01T01:53:01.073Z,,,

2024-09-01T01:53:02.073Z,,,

2024-09-01T01:53:03.074Z,,,

2024-09-01T01:53:04.076Z,,,

2024-09-01T01:53:05.076Z,,,

2024-09-01T01:53:06.078Z,,,

2024-09-01T01:53:07.078Z,,,

2024-09-01T01:53:08.079Z,,,

2024-09-01T01:54:30.142Z,,,

2024-09-01T01:54:31.142Z,,,

2024-09-01T01:54:32.142Z,,,

2024-09-01T01:54:33.142Z,,,

2024-09-01T01:54:34.143Z,,,

2024-09-01T01:54:35.144Z,,,

2024-09-01T01:54:36.145Z,,,

2024-09-01T01:54:37.145Z,,,

2024-09-01T01:54:38.147Z,,,

2024-09-01T01:54:39.148Z,,,

2024-09-01T01:54:40.148Z,,,

2024-09-01T01:54:41.149Z,,,

2024-09-01T01:54:42.150Z,,,

2024-09-01T01:54:43.152Z,,,

2024-09-01T01:54:44.153Z,,,

2024-09-01T01:54:45.153Z,,,

2024-09-01T01:54:46.155Z,,,

2024-09-01T01:54:47.156Z,,,

2024-09-01T01:54:48.157Z,,,

2024-09-01T01:54:49.158Z,,,

2024-09-01T01:54:50.159Z,,,

2024-09-01T01:54:51.159Z,,,

2024-09-01T01:54:52.159Z,,,

2024-09-01T01:54:53.160Z,,,

2024-09-01T01:54:54.161Z,,,

2024-09-01T01:54:55.161Z,,,

2024-09-01T01:54:56.163Z,,,

2024-09-01T01:54:57.163Z,,,

2024-09-01T01:54:58.164Z,,,

2024-09-01T01:54:59.164Z,,,

2024-09-01T01:55:00.164Z,,,

2024-09-01T01:55:01.165Z,,,

2024-09-01T01:55:02.166Z,,,

2024-09-01T01:55:03.167Z,,,

2024-09-01T01:55:04.168Z,,,

2024-09-01T01:55:05.168Z,,,

2024-09-01T01:55:06.170Z,,,

2024-09-01T01:55:07.170Z,,,

2024-09-01T01:55:08.170Z,,,

2024-09-01T01:55:09.172Z,,,

2024-09-01T01:55:10.173Z,,,

2024-09-01T01:55:11.173Z,,,

2024-09-01T01:55:12.174Z,,,

2024-09-01T01:55:13.174Z,,,

2024-09-01T01:55:14.174Z,,,

2024-09-01T01:55:15.175Z,,,

2024-09-01T01:55:16.176Z,,,

2024-09-01T01:55:17.176Z,,,

2024-09-01T01:55:18.177Z,,,

2024-09-01T01:55:19.177Z,,,

2024-09-01T01:55:20.177Z,,,

2024-09-01T01:55:21.178Z,,,

2024-09-01T01:55:22.179Z,,,

2024-09-01T01:55:23.179Z,,,

2024-09-01T01:55:24.181Z,,,

2024-09-01T01:55:25.182Z,,,

2024-09-01T01:55:26.183Z,,,

2024-09-01T01:55:27.183Z,,,

2024-09-01T01:55:28.184Z,,,

2024-09-01T01:55:29.184Z,,,

2024-09-01T01:55:30.185Z,,,

2024-09-01T01:55:31.185Z,,,

2024-09-01T01:55:32.186Z,,,

2024-09-01T01:55:33.187Z,,,

2024-09-01T01:55:34.187Z,,,

2024-09-01T01:55:35.188Z,,,

2024-09-01T01:55:36.189Z,,,

2024-09-01T01:55:37.189Z,,,

2024-09-01T01:55:38.190Z,,,

2024-09-01T01:55:39.190Z,,,

2024-09-01T01:55:40.189Z,,,

2024-09-01T01:55:41.190Z,,,

2024-09-01T01:55:42.191Z,,,

2024-09-01T01:55:43.191Z,,,

2024-09-01T01:55:44.192Z,,,

2024-09-01T01:55:45.192Z,,,

2024-09-01T01:55:46.194Z,,,

2024-09-01T01:55:47.195Z,,,

2024-09-01T01:55:48.195Z,,,

2024-09-01T01:55:49.196Z,,,

2024-09-01T01:55:50.197Z,,,

2024-09-01T01:55:51.198Z,,,

2024-09-01T01:55:52.199Z,,,

2024-09-01T01:55:53.199Z,,,

2024-09-01T01:55:54.201Z,,,

2024-09-01T01:55:55.201Z,,,

2024-09-01T01:55:56.202Z,,,

2024-09-01T01:55:57.202Z,,,

2024-09-01T01:55:58.203Z,,,

2024-09-01T01:55:59.203Z,,,

2024-09-01T01:56:00.203Z,,,

2024-09-01T01:56:01.205Z,,,

2024-09-01T01:56:02.205Z,,,

2024-09-01T01:56:03.206Z,,,

2024-09-01T01:56:04.207Z,,,

2024-09-01T01:56:05.207Z,,,

2024-09-01T01:56:06.208Z,,,

2024-09-01T01:56:07.209Z,,,

2024-09-01T01:56:08.210Z,,,

2024-09-01T01:56:09.211Z,,,

2024-09-01T01:56:10.212Z,,,

2024-09-01T01:57:53.268Z,,,

2024-09-01T01:57:54.268Z,,,

2024-09-01T01:57:55.269Z,,,

2024-09-01T01:57:56.270Z,,,

2024-09-01T01:57:57.271Z,,,

2024-09-01T01:57:58.272Z,,,

2024-09-01T01:57:59.272Z,,,

2024-09-01T01:58:00.273Z,,,

2024-09-01T01:58:01.274Z,,,

2024-09-01T01:58:02.275Z,,,

2024-09-01T01:58:03.275Z,,,

2024-09-01T01:58:04.276Z,,,

2024-09-01T01:58:05.275Z,,,

2024-09-01T01:58:06.277Z,,,

2024-09-01T01:58:07.278Z,,,

2024-09-01T01:58:08.278Z,,,

2024-09-01T01:58:09.278Z,,,

2024-09-01T01:58:10.279Z,,,

2024-09-01T01:58:11.279Z,,,

2024-09-01T01:58:12.280Z,,,

2024-09-01T01:58:13.280Z,,,

2024-09-01T01:58:14.280Z,,,

2024-09-01T01:58:15.281Z,,,

2024-09-01T01:58:16.282Z,,,

2024-09-01T01:58:17.282Z,,,

2024-09-01T01:58:18.282Z,,,

2024-09-01T01:58:19.284Z,,,

2024-09-01T01:58:20.285Z,,,

2024-09-01T01:58:21.285Z,,,

2024-09-01T01:58:22.285Z,,,

2024-09-01T01:58:23.286Z,,,

2024-09-01T01:58:24.287Z,,,

2024-09-01T01:58:25.288Z,,,

2024-09-01T01:58:26.290Z,,,

2024-09-01T01:58:27.290Z,,,

2024-09-01T01:58:28.291Z,,,

2024-09-01T01:58:29.291Z,,,

2024-09-01T01:58:30.292Z,,,

2024-09-01T01:58:31.292Z,,,

2024-09-01T01:58:32.294Z,,,

2024-09-01T01:58:33.294Z,,,

2024-09-01T01:58:34.296Z,,,

2024-09-01T01:58:35.296Z,,,

2024-09-01T01:58:36.297Z,,,

2024-09-01T01:58:37.296Z,,,

2024-09-01T01:58:38.297Z,,,

2024-09-01T01:58:39.298Z,,,

2024-09-01T01:58:40.299Z,,,

2024-09-01T01:58:41.299Z,,,

2024-09-01T01:58:42.301Z,,,

2024-09-01T01:58:43.301Z,,,

2024-09-01T01:58:44.301Z,,,

2024-09-01T01:58:45.302Z,,,

2024-09-01T01:58:46.303Z,,,

2024-09-01T01:58:47.303Z,,,

2024-09-01T01:58:48.305Z,,,

2024-09-01T01:58:49.305Z,,,

2024-09-01T01:58:50.306Z,,,

2024-09-01T01:58:51.306Z,,,

2024-09-01T01:58:52.307Z,,,

2024-09-01T01:58:53.309Z,,,

2024-09-01T01:58:54.310Z,,,

2024-09-01T01:58:55.311Z,,,

2024-09-01T01:58:56.312Z,,,

2024-09-01T01:58:57.312Z,,,

2024-09-01T01:58:58.314Z,,,

2024-09-01T01:58:59.314Z,,,

2024-09-01T01:59:00.315Z,,,

2024-09-01T01:59:01.315Z,,,

2024-09-01T01:59:02.317Z,,,

2024-09-01T01:59:03.317Z,,,

2024-09-01T01:59:04.318Z,,,

2024-09-01T01:59:05.320Z,,,

2024-09-01T01:59:06.319Z,,,

2024-09-01T01:59:07.321Z,,,

2024-09-01T01:59:08.321Z,,,

2024-09-01T01:59:09.322Z,,,

2024-09-01T01:59:10.323Z,,,

2024-09-01T01:59:11.325Z,,,

2024-09-01T01:59:12.324Z,,,

2024-09-01T01:59:13.326Z,,,

2024-09-01T01:59:14.326Z,,,

2024-09-01T01:59:15.326Z,,,

2024-09-01T01:59:16.327Z,,,

2024-09-01T01:59:17.329Z,,,

2024-09-01T01:59:18.329Z,,,

2024-09-01T01:59:19.331Z,,,

2024-09-01T01:59:20.333Z,,,

2024-09-01T01:59:21.334Z,,,

2024-09-01T01:59:22.334Z,,,

2024-09-01T01:59:23.335Z,,,

2024-09-01T01:59:24.335Z,,,

2024-09-01T01:59:25.336Z,,,

2024-09-01T01:59:26.336Z,,,

2024-09-01T01:59:27.337Z,,,

2024-09-01T01:59:28.337Z,,,

2024-09-01T01:59:29.338Z,,,

2024-09-01T01:59:30.338Z,,,

2024-09-01T01:59:31.339Z,,,

2024-09-01T01:59:32.340Z,,,

2024-09-01T01:59:33.340Z,,,

2024-09-01T01:59:34.342Z,,,

2024-09-01T01:59:35.344Z,,,

2024-09-01T01:59:36.345Z,,,

2024-09-01T01:59:37.345Z,,,

2024-09-01T01:59:38.345Z,,,

2024-09-01T01:59:39.347Z,,,

2024-09-01T01:59:40.347Z,,,

2024-09-01T01:59:41.349Z,,,

2024-09-01T01:59:42.349Z,,,

2024-09-01T01:59:43.351Z,,,

2024-09-01T01:59:44.352Z,,,

2024-09-01T01:59:45.353Z,,,

2024-09-01T01:59:46.354Z,,,

2024-09-01T01:59:47.355Z,,,

2024-09-01T01:59:48.356Z,,,

2024-09-01T01:59:49.357Z,,,

2024-09-01T01:59:50.358Z,,,

2024-09-01T01:59:51.359Z,,,

2024-09-01T01:59:52.359Z,,,

2024-09-01T01:59:53.360Z,,,

2024-09-01T01:59:54.360Z,,,

2024-09-01T01:59:55.360Z,,,

2024-09-01T01:59:56.362Z,,,

2024-09-01T01:59:57.361Z,,,

2024-09-01T01:59:58.362Z,,,

2024-09-01T01:59:59.362Z,,,

2024-09-01T02:00:00.362Z,,,

2024-09-01T02:00:01.363Z,,,

2024-09-01T02:00:02.363Z,,,

2024-09-01T02:00:03.364Z,,,

2024-09-01T02:00:04.366Z,,,

2024-09-01T02:00:05.367Z,,,

2024-09-01T02:00:06.367Z,,,

2024-09-01T02:00:07.367Z,,,

2024-09-01T02:00:08.368Z,,,

2024-09-01T02:00:09.370Z,,,

2024-09-01T02:00:10.370Z,,,

2024-09-01T02:00:11.371Z,,,

2024-09-01T02:00:12.372Z,,,

2024-09-01T02:00:13.372Z,,,

2024-09-01T02:00:14.373Z,,,

2024-09-01T02:00:15.375Z,,,

2024-09-01T02:00:16.376Z,,,

2024-09-01T02:00:17.376Z,,,

2024-09-01T02:00:18.377Z,,,

2024-09-01T02:00:19.379Z,,,

2024-09-01T02:00:20.380Z,,,

2024-09-01T02:00:21.380Z,,,

2024-09-01T02:00:22.381Z,,,

2024-09-01T02:00:23.381Z,,,

2024-09-01T02:00:24.383Z,,,

2024-09-01T02:00:25.384Z,,,

2024-09-01T02:00:26.385Z,,,

2024-09-01T02:00:27.385Z,,,

2024-09-01T02:00:28.385Z,,,

2024-09-01T02:00:29.387Z,,,

2024-09-01T02:00:30.388Z,,,

2024-09-01T02:00:31.388Z,,,

2024-09-01T02:00:32.390Z,,,

2024-09-01T02:00:33.391Z,,,

2024-09-01T02:00:34.392Z,,,

2024-09-01T02:00:35.393Z,,,

2024-09-01T02:00:36.393Z,,,

2024-09-01T02:00:37.394Z,,,

2024-09-01T02:00:38.396Z,,,

2024-09-01T02:00:39.397Z,,,

2024-09-01T02:00:40.398Z,,,

2024-09-01T02:00:41.398Z,,,

2024-09-01T02:00:42.399Z,,,

2024-09-01T02:00:43.401Z,,,

2024-09-01T02:00:44.401Z,,,

2024-09-01T02:00:45.403Z,,,

2024-09-01T02:00:46.404Z,,,

2024-09-01T02:00:47.406Z,,,

2024-09-01T02:00:48.407Z,,,

2024-09-01T02:00:49.407Z,,,

2024-09-01T02:00:50.409Z,,,

2024-09-01T02:00:51.409Z,,,

2024-09-01T02:00:52.411Z,,,

2024-09-01T02:00:53.412Z,,,

2024-09-01T02:00:54.413Z,,,

2024-09-01T02:00:55.414Z,,,

2024-09-01T02:00:56.414Z,,,

2024-09-01T02:00:57.414Z,,,

2024-09-01T02:00:58.415Z,,,

2024-09-01T02:00:59.416Z,,,

2024-09-01T02:01:00.417Z,,,

2024-09-01T02:01:01.417Z,,,

2024-09-01T02:01:02.417Z,,,

2024-09-01T02:01:03.417Z,,,

2024-09-01T02:01:04.419Z,,,

2024-09-01T02:01:05.419Z,,,

2024-09-01T02:01:06.420Z,,,

2024-09-01T02:01:07.422Z,,,

2024-09-01T02:01:08.423Z,,,

2024-09-01T02:01:09.423Z,,,

2024-09-01T02:01:10.424Z,,,

2024-09-01T02:01:11.424Z,,,

2024-09-01T02:01:12.425Z,,,

2024-09-01T02:01:13.426Z,,,

2024-09-01T02:01:14.427Z,,,

2024-09-01T02:01:15.428Z,,,

2024-09-01T02:01:16.429Z,,,

2024-09-01T02:01:17.429Z,,,

2024-09-01T02:01:18.430Z,,,

2024-09-01T02:01:19.431Z,,,

2024-09-01T02:01:20.432Z,,,

2024-09-01T02:01:21.432Z,,,

2024-09-01T02:01:22.432Z,,,

2024-09-01T02:01:23.433Z,,,

2024-09-01T02:01:24.434Z,,,

2024-09-01T02:01:25.434Z,,,

2024-09-01T02:01:26.435Z,,,

2024-09-01T02:01:27.436Z,,,

2024-09-01T02:03:15.511Z,,,

2024-09-01T02:03:16.512Z,,,

2024-09-01T02:03:17.512Z,,,

2024-09-01T02:03:18.513Z,,,

2024-09-01T02:03:19.514Z,,,

2024-09-01T02:03:20.516Z,,,

2024-09-01T02:03:21.516Z,,,

2024-09-01T02:03:22.517Z,,,

2024-09-01T02:03:23.517Z,,,

2024-09-01T02:03:24.518Z,,,

2024-09-01T02:03:25.519Z,,,

2024-09-01T02:03:26.519Z,,,

2024-09-01T02:03:27.520Z,,,

2024-09-01T02:03:28.520Z,,,

2024-09-01T02:03:29.520Z,,,

2024-09-01T02:03:30.521Z,,,

2024-09-01T02:03:31.523Z,,,

2024-09-01T02:03:32.523Z,,,

2024-09-01T02:03:33.523Z,,,

2024-09-01T02:03:34.524Z,,,

2024-09-01T02:03:35.524Z,,,

2024-09-01T02:03:36.525Z,,,

2024-09-01T02:03:37.526Z,,,

2024-09-01T02:03:38.526Z,,,

2024-09-01T02:03:39.528Z,,,

2024-09-01T02:03:40.527Z,,,

2024-09-01T02:03:41.528Z,,,

2024-09-01T02:03:42.528Z,,,

2024-09-01T02:03:43.528Z,,,

2024-09-01T02:03:44.529Z,,,

2024-09-01T02:03:45.530Z,,,

2024-09-01T02:03:46.531Z,,,

2024-09-01T02:03:47.531Z,,,

2024-09-01T02:03:48.531Z,,,

2024-09-01T02:03:49.532Z,,,

2024-09-01T02:06:48.158Z,,,

2024-09-01T02:06:49.158Z,,,

2024-09-01T02:06:50.158Z,,,

2024-09-01T02:06:51.158Z,,,

2024-09-01T02:06:52.159Z,,,

2024-09-01T02:06:53.161Z,,,

2024-09-01T02:06:54.161Z,,,

2024-09-01T02:06:55.162Z,,,

2024-09-01T02:06:56.162Z,,,

2024-09-01T02:06:57.163Z,,,

2024-09-01T02:06:58.164Z,,,

2024-09-01T02:06:59.165Z,,,

2024-09-01T02:07:00.165Z,,,

2024-09-01T02:07:01.165Z,,,

2024-09-01T02:07:02.165Z,,,

2024-09-01T02:07:03.166Z,,,

2024-09-01T02:07:04.167Z,,,

2024-09-01T02:07:05.168Z,,,

2024-09-01T02:07:06.169Z,,,

2024-09-01T02:07:07.169Z,,,

2024-09-01T02:07:08.169Z,,,

2024-09-01T02:07:09.170Z,,,

2024-09-01T02:07:10.171Z,,,

2024-09-01T02:07:11.172Z,,,

2024-09-01T02:07:12.173Z,,,

2024-09-01T02:07:13.179Z,,,

2024-09-01T02:07:14.180Z,,,

2024-09-01T02:07:15.181Z,,,

2024-09-01T02:07:16.181Z,,,

2024-09-01T02:07:17.181Z,,,

2024-09-01T02:07:18.182Z,,,

2024-09-01T02:07:19.183Z,,,

2024-09-01T02:07:20.184Z,,,

2024-09-01T02:07:21.184Z,,,

2024-09-01T02:07:22.187Z,,,

2024-09-01T02:07:23.187Z,,,

2024-09-01T02:07:24.188Z,,,

2024-09-01T02:07:25.188Z,,,

2024-09-01T02:07:26.190Z,,,

2024-09-01T02:07:27.189Z,,,

2024-09-01T02:07:28.190Z,,,

2024-09-01T02:07:29.190Z,,,

2024-09-01T02:07:30.192Z,,,

2024-09-01T02:07:31.192Z,,,

2024-09-01T02:07:32.192Z,,,

2024-09-01T02:07:33.192Z,,,

2024-09-01T02:07:34.193Z,,,

2024-09-01T02:07:35.194Z,,,

2024-09-01T02:07:36.193Z,,,

2024-09-01T02:07:37.195Z,,,

2024-09-01T02:07:38.195Z,,,

2024-09-01T02:07:39.196Z,,,

2024-09-01T02:07:40.196Z,,,

2024-09-01T02:07:41.196Z,,,

2024-09-01T02:07:42.197Z,,,

2024-09-01T02:07:43.197Z,,,

2024-09-01T02:07:44.198Z,,,

2024-09-01T02:07:45.198Z,,,

2024-09-01T02:07:46.198Z,,,

2024-09-01T02:07:47.198Z,,,

2024-09-01T02:07:48.198Z,,,

2024-09-01T02:07:49.199Z,,,

2024-09-01T02:07:50.200Z,,,

2024-09-01T02:07:51.201Z,,,

2024-09-01T02:07:52.202Z,,,

2024-09-01T02:07:53.202Z,,,

2024-09-01T02:07:54.203Z,,,

2024-09-01T02:07:55.203Z,,,

2024-09-01T02:07:56.204Z,,,

2024-09-01T02:07:57.205Z,,,

2024-09-01T02:07:58.205Z,,,

2024-09-01T02:07:59.206Z,,,

2024-09-01T02:08:00.207Z,,,

2024-09-01T02:08:01.207Z,,,

2024-09-01T02:08:02.208Z,,,

2024-09-01T02:08:03.208Z,,,

2024-09-01T02:08:04.209Z,,,

2024-09-01T02:08:05.209Z,,,

2024-09-01T02:08:06.210Z,,,

2024-09-01T02:08:07.211Z,,,

2024-09-01T02:08:08.212Z,,,

2024-09-01T02:08:09.213Z,,,

2024-09-01T02:08:10.213Z,,,

2024-09-01T02:08:11.213Z,,,

2024-09-01T02:08:12.214Z,,,

2024-09-01T02:08:13.214Z,,,

2024-09-01T02:08:14.215Z,,,

2024-09-01T02:08:15.216Z,,,

2024-09-01T02:08:16.215Z,,,

2024-09-01T02:08:17.215Z,,,

2024-09-01T02:08:18.216Z,,,

2024-09-01T02:08:19.215Z,,,

2024-09-01T02:08:20.216Z,,,

2024-09-01T02:08:21.216Z,,,

2024-09-01T02:08:22.217Z,,,

2024-09-01T02:08:23.217Z,,,

2024-09-01T02:08:24.218Z,,,

2024-09-01T02:08:25.218Z,,,

2024-09-01T02:08:26.219Z,,,

2024-09-01T02:08:27.219Z,,,

2024-09-01T02:08:28.220Z,,,

2024-09-01T02:08:29.220Z,,,

2024-09-01T02:08:30.222Z,,,

2024-09-01T02:08:31.222Z,,,

2024-09-01T02:08:32.223Z,,,

2024-09-01T02:08:33.223Z,,,

2024-09-01T02:08:34.224Z,,,

2024-09-01T02:08:35.224Z,,,

2024-09-01T02:08:36.226Z,,,

2024-09-01T02:08:37.227Z,,,

2024-09-01T02:08:38.228Z,,,

2024-09-01T02:08:39.228Z,,,

2024-09-01T02:08:40.229Z,,,

2024-09-01T02:08:41.234Z,,,

2024-09-01T02:08:42.234Z,,,

2024-09-01T02:08:43.235Z,,,

2024-09-01T02:08:44.236Z,,,

2024-09-01T02:08:45.237Z,,,

2024-09-01T02:08:46.237Z,,,

2024-09-01T02:08:47.238Z,,,

2024-09-01T02:08:48.238Z,,,

2024-09-01T02:08:49.239Z,,,

2024-09-01T02:08:50.241Z,,,

2024-09-01T02:08:51.242Z,,,

2024-09-01T02:08:52.243Z,,,

2024-09-01T02:08:53.244Z,,,

2024-09-01T02:08:54.245Z,,,

2024-09-01T02:08:55.246Z,,,

2024-09-01T02:08:56.246Z,,,

2024-09-01T02:08:57.247Z,,,

2024-09-01T02:08:58.248Z,,,

2024-09-01T02:08:59.248Z,,,

2024-09-01T02:09:00.250Z,,,

2024-09-01T02:09:01.252Z,,,

2024-09-01T02:09:02.250Z,,,

2024-09-01T02:09:03.252Z,,,

2024-09-01T02:09:04.253Z,,,

2024-09-01T02:09:05.254Z,,,

2024-09-01T02:09:06.254Z,,,

2024-09-01T02:09:07.255Z,,,

2024-09-01T02:09:08.256Z,,,

2024-09-01T02:09:09.257Z,,,

2024-09-01T02:09:10.258Z,,,

2024-09-01T02:09:11.259Z,,,

2024-09-01T02:09:12.260Z,,,

2024-09-01T02:09:13.261Z,,,

2024-09-01T02:09:14.262Z,,,

2024-09-01T02:09:15.263Z,,,

2024-09-01T02:09:16.263Z,,,

2024-09-01T02:09:17.264Z,,,

2024-09-01T02:09:18.264Z,,,

2024-09-01T02:09:19.264Z,,,

